Time / min,ArOPh,Product,Mass Balance
0.0,140.5935239,0.0,140.5935239
0.15054999999999835,140.39697511328697,-0.009856024527708214,140.38711908875925
0.6504500000000007,140.19027962205956,0.02312336506831789,140.2134029871279
1.1487166666666666,139.2979899912974,0.3316982424311914,139.62968823372861
1.6482999999999985,138.94381660834608,0.8165553350128015,139.76037194335888
2.1484333333333323,138.76734346273892,1.221678092271916,139.98902155501085
2.6483666666666674,138.68305607046486,1.4671222949255207,140.1501783653904
3.1484499999999986,138.21879890106686,1.682827079874431,139.9016259809413
3.6474000000000006,138.01017970059522,1.9063818290354944,139.9165615296307
4.1548333333333325,138.05070120485433,1.981788322612182,140.0324895274665
4.654750000000002,137.53087141515954,2.0898280455846296,139.62069946074416
5.153783333333335,137.7809452088524,2.179866685316651,139.96081189416904
5.653733333333332,137.0265538279934,2.422562220731283,139.4491160487247
6.153783333333335,137.4771640398861,2.448184533354037,139.92534857324014
6.652433333333333,137.463460527393,2.6983688986722045,140.16182942606522
7.152183333333335,136.83608245028995,2.7929514744824293,139.6290339247724
7.6516,136.47003633687635,2.979487824075037,139.4495241609514
8.15173333333333,137.14605249024032,2.938491720362525,140.08454421060284
8.650733333333331,136.1588181429625,3.2696443672840654,139.42846251024656
9.149450000000002,135.96804023108754,3.3301927831121954,139.29823301419972
9.648583333333333,135.4139528014243,3.5917895318386273,139.00574233326293
10.148566666666671,135.59612323157006,3.7179450790216837,139.31406831059175
10.647516666666668,135.8140148611951,3.7540265746676047,139.56804143586268
11.153950000000002,135.1771288816753,3.997748408607543,139.17487729028284
11.652066666666663,134.77606777967085,4.069365706334052,138.8454334860049
12.151833333333336,134.66507284432387,4.142890602085436,138.8079634464093
12.649933333333335,135.194091845247,4.24651790332927,139.44060974857626
13.149516666666667,135.02277246546137,4.1758047911912115,139.19857725665258
13.649616666666665,135.67597136974072,4.3146607941703765,139.9906321639111
14.14841666666667,134.16995770501154,4.674257640083263,138.8442153450948
14.648499999999997,134.44046812813414,4.706873069642609,139.14734119777674
15.155033333333336,134.66402200348065,4.776542602039083,139.44056460551974
15.654100000000001,134.60825558738688,4.95948777050119,139.56774335788808
16.153233333333333,133.66961676330465,5.198394912192986,138.86801167549763
16.653016666666666,134.0351118969991,5.157197293462418,139.19230919046151
17.15105,134.15168489864672,5.323139212352776,139.4748241109995
17.650616666666664,133.81572218912265,5.508922446839476,139.32464463596213
18.149633333333334,133.51443910318974,5.586968434450629,139.10140753764037
18.647749999999995,133.44121259389345,5.804099770798417,139.24531236469187
19.154850000000003,133.179163675718,5.934787017400771,139.11395069311877
19.653916666666667,133.07686419248492,6.082338629335134,139.15920282182006
20.151966666666667,133.27301712066105,6.182392136737823,139.45540925739888
20.65116666666667,133.26026667330285,6.334011083014684,139.59427775631752
21.150033333333333,133.20134301995424,6.381246098571828,139.58258911852607
21.649050000000003,132.7114518637909,6.518239498576452,139.22969136236736
22.15598333333333,132.75125996670332,6.667142640797881,139.4184026075012
22.653916666666667,132.63796157206815,6.7742171988715345,139.41217877093968
23.153850000000002,132.33358726831602,6.930718726331309,139.26430599464734
23.6518,132.41309705098965,7.019083056826475,139.43218010781612
24.150949999999998,132.09331571620595,7.114310189566443,139.2076259057724
24.649383333333336,132.21063598294646,7.207999044706833,139.4186350276533
25.149116666666668,132.38839263343598,7.2854610265393065,139.6738536599753
25.655566666666665,132.1817180101908,7.375494131935345,139.55721214212613
26.15393333333333,131.57819220203027,7.645789656076926,139.22398185810718
26.653133333333336,131.471474220901,7.682766153268638,139.15424037416963
27.152033333333332,131.57303333494139,7.861679430402986,139.43471276534436
27.649916666666666,131.25142171000437,7.924984336610218,139.17640604661457
28.149233333333335,131.42409719713874,8.055341708636078,139.47943890577483
28.655733333333334,131.39579341517071,8.146451203304014,139.54224461847474
29.153983333333333,131.38495567258659,8.236334158133731,139.62128983072031
29.653200000000002,130.9484844410643,8.24853911831441,139.1970235593787
30.152066666666663,131.28903141856853,8.376759162481314,139.66579058104983
30.65131666666667,130.73663987049767,8.479439248031557,139.21607911852922
31.149216666666668,130.9439687254261,8.605274878839511,139.5492436042656
31.655749999999998,130.96356672699707,8.749614614227122,139.71318134122419
32.1541,130.6170076015871,8.879852190570654,139.49685979215775
32.65323333333333,130.9203048378935,8.934541594749701,139.8548464326432
33.152100000000004,130.70986592865196,8.982655178264903,139.69252110691687
33.65135,130.2527186063247,9.11721915974192,139.3699377660666
34.15031666666666,130.48288321086744,9.170240486165104,139.65312369703256
34.6558,130.325492224448,9.19933357236063,139.5248257968086
35.154383333333335,130.4706969085942,9.348013899447624,139.81871080804183
35.65325,130.2963040764997,9.513141726892078,139.80944580339178
36.152116666666664,130.16925767032808,9.518629504415705,139.6878871747438
36.65136666666667,130.09889814743022,9.604661094704943,139.70355924213516
37.15035,130.19513536956487,9.712988137691065,139.90812350725594
37.65591666666667,130.03343492702865,9.75539127302879,139.78882620005743
38.15463333333333,129.77252529162377,9.90975590797225,139.68228119959602
38.65333333333333,129.74309987748973,9.925357748593406,139.66845762608312
39.15215,129.6963142933943,10.019957025574973,139.71627131896926
39.65141666666667,129.62840642727664,10.13574668880179,139.76415311607843
40.15045,129.6784282984757,10.229761759035547,139.90819005751123
40.65598333333333,129.68393096877986,10.249551340952326,139.9334823097322
41.1548,129.71078398208084,10.31443018074323,140.02521416282406
41.65436666666667,129.52148798530862,10.411642248740243,139.93313023404886
42.1523,129.48076958647948,10.525873123636625,140.0066427101161
42.651500000000006,129.28808822825067,10.680482029972895,139.96857025822356
43.150499999999994,129.37187361911012,10.691502179401338,140.06337579851146
43.656016666666666,129.40461176926578,10.75113248594132,140.1557442552071
44.15458333333333,129.2291718678297,10.862803894672783,140.0919757625025
44.657583333333335,129.2154885118631,11.003914273412448,140.21940278527555
45.15211666666667,129.07842528500626,11.0036701198853,140.08209540489156
45.65121666666667,129.48664190292018,11.09143327380383,140.578075176724
46.156933333333335,129.3323562571262,11.157643152967642,140.48999941009384
46.655750000000005,128.9558342907103,11.23027331112917,140.18610760183947
47.15426666666667,128.9695479287816,11.369323752014926,140.33887168079653
47.6534,129.0219909698692,11.41953324076891,140.4415242106381
48.15226666666668,129.05186095030834,11.456113538729781,140.50797448903813
48.651599999999995,129.21042336093507,11.536070164514108,140.74649352544918
49.15765,128.82413059955488,11.70866764600499,140.53279824555986
49.65723333333334,129.07641458798562,11.785685497117253,140.86210008510287
50.15643333333334,128.8043055488358,11.878066748135087,140.6823722969709
50.65448333333334,128.53578890035195,11.855831936660737,140.39162083701268
51.153099999999995,128.85039558236352,12.03030121175107,140.88069679411458
51.65266666666666,128.9774733795835,12.101732403633378,141.07920578321688
52.150666666666666,128.70837506891127,12.12537032722738,140.83374539613865
52.657266666666665,128.65126467726373,12.197836632008821,140.84910130927256
53.15644999999999,128.74592117681615,12.286789280862697,141.03271045767886
53.65451666666666,128.48137620387354,12.355704697653318,140.83708090152686
54.15273333333333,128.7134993615589,12.461834627208773,141.17533398876765
54.6517,128.46320865694616,12.54274437066232,141.00595302760848
55.15756666666666,128.46401073671652,12.635073990411488,141.099084727128
55.65723333333334,128.06063507005072,12.688771265050093,140.74940633510082
56.15509999999999,128.43419864858336,12.766885249824254,141.2010838984076
56.65451666666666,128.51587776718003,12.77931466321472,141.29519243039476
57.153000000000006,128.6044126700415,12.97099532552752,141.57540799556904
57.65266666666666,128.17251043910503,13.013156329193178,141.1856667682982
58.15786666666666,128.43198539174037,13.011318395110282,141.44330378685066
58.65721666666666,128.1601722602061,13.180454877412453,141.34062713761855
59.15643333333334,128.05404668011485,13.185948206767462,141.2399948868823
59.65455,128.32571150776425,13.283775975806863,141.60948748357112
60.15308333333334,127.62201263054496,13.306562219858163,140.92857485040312
60.65273333333333,127.60612131971824,13.363840155698856,140.9699614754171
61.15778333333333,127.16054159364727,13.491278368663886,140.65181996231115
61.65728333333333,127.60641792186046,13.53634223620984,141.1427601580703
62.15516666666667,127.62772557717427,13.698488702416432,141.32621427959072
62.65458333333333,127.4629750343929,13.771650704739915,141.2346257391328
63.152483333333336,127.36819246368893,13.769747071757871,141.1379395354468
63.659083333333335,127.31812311851493,13.803621426778427,141.12174454529335
64.15731666666667,127.33397584427662,13.96901946729721,141.30299531157382
64.65618333333333,126.8872688934989,14.073002183416337,140.96027107691523
65.1548,126.73152222025837,14.215674795777423,140.9471970160358
65.6535,126.83178020225253,14.180649843812873,141.0124300460654
66.15235,126.92574421085598,14.221528918205992,141.14727312906197
66.65908333333333,126.74751174699462,14.340445709181282,141.0879574561759
67.1571,126.74239232442038,14.495077860362347,141.23747018478272
67.65605000000001,126.67155331228771,14.541572347729733,141.21312566001745
68.15456666666667,126.90327789443505,14.561783066554815,141.46506096098986
68.65348333333333,126.68918471080163,14.63171481122365,141.3208995220253
69.15936666666667,126.14527243006196,14.762249010195593,140.90752144025757
69.659,126.49628000332208,14.820440431909958,141.31672043523204
70.15696666666666,126.64380347729445,14.778530338943089,141.42233381623754
70.65588333333334,126.33825460034474,15.007789092692496,141.34604369303725
71.15465,125.86738841138991,15.013115769539619,140.88050418092953
71.65429999999999,126.2763093715376,15.052768586202573,141.32907795774017
72.15235,125.90579139405193,15.124910416003097,141.03070181005504
72.65859999999999,126.10846775168278,15.22717448201921,141.335642233702
73.15766666666667,125.81722633057127,15.242675860518629,141.0599021910899
73.65623333333333,125.7328800354605,15.386494366736272,141.11937440219677
74.15551666666667,125.90776799720655,15.344972863949163,141.2527408611557
74.654,125.64461745547246,15.45637781003786,141.1009952655103
75.15325,125.29250115454954,15.569662697905402,140.86216385245496
75.65965,125.73996326252242,15.52715352902601,141.26711679154843
76.15844999999999,125.49698228823374,15.683529547225662,141.1805118354594
76.65741666666666,125.51949328186181,15.771606496768054,141.29109977862987
77.15585,125.35511223636074,15.845726580548998,141.20083881690974
77.70293333333333,125.4680550584142,15.781368335814541,141.24942339422873
78.15836666666668,125.07078041061023,15.886716973105438,140.95749738371566
78.65644999999999,125.25515071901167,15.99608517643964,141.25123589545132
79.15663333333333,125.4832476337947,15.967275197605735,141.45052283140043
79.65478333333334,125.22908752644413,16.19841558837916,141.42750311482328
80.15413333333332,125.13611859066819,16.141498282078334,141.27761687274653
80.66043333333333,125.06661676758135,16.124913362331526,141.19153012991288
81.16046666666666,125.03672334329326,16.271820227607865,141.30854357090112
81.65925,125.04415227392384,16.33379527956916,141.37794755349302
82.15946666666667,125.19203420283144,16.38670863580282,141.57874283863424
82.65793333333333,124.77497202648824,16.465018699315113,141.23999072580335
83.15726666666666,124.6462702268591,16.447555246709666,141.09382547356876
83.65696666666666,124.93628999680163,16.600110633918444,141.53640063072007
84.15618333333333,124.8287074390214,16.556665539312952,141.38537297833435
84.65591666666666,124.50044035803428,16.725920865859333,141.2263612238936
85.15616666666666,123.96951792861063,16.874033835943273,140.8435517645539
85.65593333333332,124.59323724730228,16.7310138293674,141.32425107666967
86.16118333333334,124.50567673705147,16.917570085129825,141.42324682218128
86.66068333333332,124.19082817974677,16.99519639515143,141.1860245748982
87.16041666666666,124.16515450206602,17.226914023098868,141.3920685251649
87.66011666666667,124.11281519352958,17.228534885110346,141.34135007863992
88.15936666666667,124.05745268708483,16.970152235055703,141.02760492214054
88.65908333333333,124.26860888195948,16.966776083179504,141.235384965139
89.15814999999999,124.38104559997562,17.036251894641627,141.41729749461726
89.65768333333334,124.00582139005428,17.01986144072982,141.0256828307841
90.15726666666666,123.62526816077605,17.20286334090902,140.82813150168505
90.65695000000001,124.1194726510265,17.089645976064254,141.20911862709076
91.15723333333334,123.92280652852786,17.25089630232179,141.17370283084966
91.65591666666666,123.52711836266342,17.306688557088115,140.83380691975154
92.15621666666667,123.24124877231276,17.49900429046381,140.74025306277656
92.65596666666667,123.01564885236142,17.563084923406343,140.57873377576777
93.16256666666666,123.78703341468639,17.42039582544985,141.20742924013624
93.6623,123.80349637205114,17.44125514100911,141.24475151306024
94.16085,122.18174411284411,17.732942066819923,139.91468617966405
94.66026666666667,123.40976094668245,17.585521051586134,140.99528199826858
95.16045000000001,122.93007248777376,17.77720633100705,140.70727881878082
95.66028333333334,122.89618538279036,17.697735833362383,140.59392121615275
96.15943333333333,123.6411353913386,17.6461350275829,141.28727041892148
96.65915,122.77278788595372,17.81590625293599,140.5886941388897
97.15773333333333,123.43282742123995,17.785025312793405,141.21785273403336
97.6572,122.65907286841316,17.87543939065138,140.53451225906454
98.1573,122.86828201600434,18.09094101489664,140.95922303090097
98.65701666666668,122.08613271294334,18.230395235457095,140.31652794840045
99.15628333333333,122.56904737188393,18.136758532058515,140.70580590394243
99.66336666666666,122.95962450833075,18.026982372726717,140.98660688105747
100.16271666666667,122.33790252033907,18.379133109592086,140.71703562993116
100.6623,122.81478792088555,18.29994330097377,141.11473122185933
101.161,122.21165438470811,18.306662056032035,140.51831644074014
101.66041666666666,123.46930406790139,18.119909556006878,141.58921362390828
102.1605,122.15440546077566,18.314240387029976,140.46864584780565
102.66024999999999,123.227003007886,18.23601322279683,141.46301623068283
103.15946666666667,122.90292412392749,18.468187360938284,141.37111148486576
103.65918333333335,122.25707483391413,18.57157992690261,140.82865476081673
104.15768333333334,122.90417069526438,18.384807935452063,141.28897863071646
104.65711666666667,122.13053796892848,18.592855191255577,140.72339316018406
105.15728333333333,122.50972714933086,18.568041412471974,141.07776856180283
105.66335000000001,122.51020244914281,18.66768897834029,141.1778914274831
106.16365,121.47771410931047,18.80703586240722,140.2847499717177
106.66233333333334,121.77234391278864,18.834589839340175,140.6069337521288
107.16263333333333,121.79838194767613,18.87589855082129,140.6742804984974
107.66233333333334,120.85253164977101,19.1431327081806,139.99566435795163
108.16066666666667,122.01807121452612,18.919918796976713,140.93799001150282
108.6602,122.17736645174911,18.827915230988864,141.00528168273797
109.16051666666667,121.87145023226036,18.914719852683934,140.7861700849443
109.65915,122.03919045307175,18.924353458504438,140.96354391157618
110.1595,121.0870523341745,19.223044474898327,140.31009680907283
110.6592,121.1539980220252,19.18419239131201,140.3381904133372
111.1574,121.48230043965002,19.333570081506622,140.81587052115663
111.65708333333332,121.44623422682561,19.427569770956254,140.87380399778186
112.16391666666665,121.26122068620332,19.457124633555548,140.71834531975887
112.66348333333332,120.83764506250654,19.520135256413315,140.35778031891985
113.16371666666667,120.80653869999787,19.46895745604333,140.2754961560412
113.66336666666666,121.75071789700647,19.38828837575103,141.1390062727575
114.16268333333333,121.11172996762092,19.515296265875854,140.62702623349676
114.66233333333334,120.58034488128601,19.671073017236196,140.25141789852222
115.16265,120.8948989332904,19.56014543836037,140.45504437165079
115.66226666666668,120.84486330421223,19.684234873524076,140.5290981777363
116.16113333333332,120.92597774093893,19.724801890739435,140.65077963167838
116.66078333333334,120.97808385418513,19.728103894741004,140.70618774892614
117.16055,121.0534597215459,19.787112076411507,140.8405717979574
117.66016666666668,121.58454452021726,19.664959393219508,141.24950391343677
118.16049999999998,120.69506569471875,20.028132967598264,140.723198662317
118.66015,120.59574042408873,20.04068373887401,140.63642416296273
119.15946666666666,120.54947940503423,20.039648941066304,140.58912834610055
119.65905,120.14264290519996,20.19222019466194,140.3348630998619
120.15825000000001,120.54436831599938,20.199583933532157,140.74395224953153
120.65908333333333,120.44936442433266,20.189133871846252,140.6384982961789
121.16583333333334,120.20543025557195,20.396436862791287,140.60186711836323
121.66544999999999,119.54941833994467,20.465415528109354,140.014833868054
122.16408333333332,120.01626442304614,20.581400848582902,140.59766527162904
122.66376666666665,121.02062043176197,20.173295590803427,141.1939160225654
123.16373333333334,119.96345118797502,20.544437716174944,140.50788890414998
123.66328333333334,119.94826279471508,20.57176358318775,140.52002637790284
124.16373333333334,120.31748693512316,20.54278177242433,140.86026870754748
124.66335,120.07209489837652,20.713621730752738,140.78571662912927
125.16268333333333,120.28928333548119,20.626372111566383,140.91565544704758
125.66228333333332,119.92983011132085,20.710025160846858,140.63985527216772
126.16143333333333,120.10427691290973,20.630596966452032,140.73487387936177
126.66225000000001,119.86242305049146,20.72692507939616,140.5893481298876
127.16073333333334,119.65724341743295,20.932752480955067,140.58999589838803
127.66043333333333,119.67048901308743,20.781043493759007,140.45153250684643
128.16055,119.53076405834142,20.93577957224416,140.4665436305856
128.66008333333332,119.57098839694203,20.954883600606166,140.5258719975482
129.15951666666666,120.04729753025832,20.897433540207384,140.9447310704657
129.66008333333332,119.29665766698304,21.088171677256245,140.38482934423928
130.1669,119.65322448716992,21.079429882634916,140.73265436980483
130.66641666666666,119.56777653370986,21.11441657531027,140.68219310902012
131.16586666666666,119.47043638176642,21.164201008529513,140.63463739029592
131.6654,119.5573934056878,21.211589314004172,140.76898271969196
132.16586666666666,119.0535209402835,21.32514354969205,140.37866448997556
132.6654,119.19920417768658,21.34593918890341,140.54514336659
133.16458333333333,119.37662934700393,21.305911003277973,140.6825403502819
133.6654,119.02332741377785,21.436737432595027,140.4600648463729
134.16383333333334,119.29882227210543,21.457512981444918,140.75633525355033
134.66366666666667,119.22739832836153,21.425665715907826,140.65306404426934
135.1637,119.42972199412259,21.43894660386109,140.86866859798369
135.66321666666667,119.26862417148116,21.54746709827199,140.81609126975314
136.1637,119.27739057581121,21.555582941072267,140.83297351688347
136.66325,118.91840302178008,21.63964007915147,140.55804310093154
137.16265,119.26384275428924,21.5633095262279,140.82715228051714
137.66218333333333,119.3727734728361,21.52702435189238,140.89979782472847
138.16263333333333,118.98197383352347,21.72270589241914,140.7046797259426
138.66216666666665,119.03002475045727,21.778828251148177,140.80885300160546
139.16126666666665,118.74279438432076,21.90322876933645,140.6460231536572
139.6621,118.66536103892577,21.885645384746077,140.55100642367185
140.16063333333335,118.774368768399,21.941059534663033,140.71542830306203
140.66846666666666,119.07787060962727,21.758178452518756,140.83604906214603
141.16745,118.51959900094445,22.008226965843008,140.52782596678747
141.66725,118.67017522695946,21.98525295785224,140.65542818481168
142.16696666666667,118.90552702153894,22.07799478423722,140.98352180577615
142.66666666666666,118.53932023549108,22.078885283077543,140.61820551856863
143.16674999999998,118.19514105710581,22.17390704836787,140.3690481054737
143.66628333333335,118.57099731191504,22.12819240696202,140.69918971887705
144.16676666666666,118.47301404535611,22.135146324393226,140.60816036974933
144.66626666666667,118.21080307825154,22.26620225704322,140.47700533529476
145.1657,118.32914375883014,22.221987051485105,140.55113081031524
145.66623333333334,118.05117539249771,22.271239873674652,140.32241526617236
146.1657,117.95128726937253,22.365565520773075,140.31685279014562
146.6652,118.05753983364288,22.38176759985122,140.4393074334941
147.16568333333333,117.72929430878469,22.41390380559927,140.14319811438395
147.66521666666668,118.13771870672188,22.377927624622554,140.51564633134444
148.16398333333333,118.10089786630444,22.406284728247247,140.5071825945517
148.66376666666665,117.91622205282601,22.560688791933426,140.47691084475943
149.16343333333333,117.89586470404352,22.51800380871006,140.41386851275357
149.66321666666667,117.60841659672228,22.554765740871012,140.1631823375933
150.1634,117.78457429148435,22.644324367238656,140.428898658723
150.66305,117.59844820980905,22.70467218409234,140.3031203939014
151.16351666666665,117.54186477416894,22.716521722046927,140.25838649621588
151.66306666666665,117.44723703559126,22.816641301504394,140.26387833709566
152.1625,117.79205965280072,22.663410625673308,140.45547027847402
152.66203333333334,117.53394424614585,22.838223209298537,140.37216745544438
153.16244999999998,117.62711006476262,22.808605540896924,140.43571560565954
153.66944999999998,117.62482266473027,22.805414522534868,140.43023718726513
154.16888333333333,117.74001171718075,22.85438144198667,140.59439315916742
154.66944999999998,117.25662967108292,22.96373611327189,140.2203657843548
155.16888333333333,117.03265309912908,22.992726372350443,140.0253794714795
155.66845,117.1560329879608,23.03658028365869,140.19261327161948
156.16886666666667,117.1947503880481,23.088724023878083,140.2834744119262
156.6683833333333,117.21398653530558,23.099606586941558,140.31359312224714
157.1688333333333,117.06021631362151,23.131432066977872,140.1916483805994
157.6683833333333,117.10082016431923,23.233894387624282,140.3347145519435
158.1688333333333,117.01175283429713,23.243687315737937,140.25544015003507
158.679,116.8962550913002,23.243052384260654,140.13930747556086
159.1634666666667,116.7479584083355,23.316128855715704,140.0640872640512
159.66333333333333,116.80650790986628,23.45701939393859,140.26352730380486
160.1635,117.1105958489462,23.441432700720878,140.55202854966709
161.16916666666665,117.16764942564775,23.441469406470866,140.6091188321186
161.66861666666668,116.99608515235538,23.544583285887974,140.54066843824336
162.18488333333335,116.85833198043801,23.5558790514846,140.4142110319226
162.67578333333333,116.74935000854973,23.638829897613096,140.38817990616283
163.1783,116.71909252753687,23.543106337854876,140.26219886539175
163.66336666666666,117.01383545050778,23.614247163540806,140.6280826140486
164.16336666666666,116.58630989005337,23.627440474205475,140.21375036425886
164.66931666666667,116.74913118346058,23.680442323840058,140.42957350730063
165.16865,116.6148489169166,23.665264221525906,140.28011313844252
165.67455,116.59569009089918,23.69224803238837,140.28793812328755
166.17278333333334,116.4341817884673,23.722838413480133,140.15702020194743
166.66491666666667,116.52393077144106,23.760150889893914,140.28408166133497
167.16525000000001,116.3676995011842,23.780085885918503,140.14778538710272
167.66476666666668,116.41510215567224,23.853700841247804,140.26880299692004
168.16513333333333,116.44904731706674,23.84362671272516,140.2926740297919
168.66456666666667,116.25283089158538,23.991129738972955,140.24396063055832
169.16463333333334,116.21175663759283,24.067122342061385,140.27887897965422
169.66536666666667,116.26377947058464,24.10168336482947,140.36546283541412
170.16571666666667,116.44077026433928,24.144612877303683,140.58538314164295
170.6652,116.18325874646717,24.20551199393361,140.3887707404008
171.16553333333334,116.38540299465136,24.24419014499,140.62959313964137
171.66501666666667,116.21655572518448,24.133845875397448,140.35040160058193
172.16528333333332,116.16343763553438,24.19080456745908,140.35424220299345
172.66475,116.11571505470565,24.276062282620774,140.39177733732643
173.16518333333335,116.3702868137888,24.2457917889328,140.6160786027216
173.66473333333334,116.04888795693047,24.28228087681168,140.33116883374214
174.16473333333334,115.95511375253719,24.301859281535698,140.25697303407287
174.6653,116.05908296538689,24.353346086621528,140.4124290520084
175.16559999999998,116.11565191022436,24.277889987057296,140.39354189728166
175.66505,115.9419572630951,24.337969370209258,140.27992663330437
176.1653,116.1017874828347,24.31192721171658,140.4137146945513
176.66473333333334,115.83519991615094,24.364332554704337,140.19953247085527
177.16516666666666,115.73086402519421,24.34626190348524,140.07712592867944
177.66466666666665,115.73583835989552,24.409729994997978,140.1455683548935
178.16468333333333,115.79015745590485,24.41314532032416,140.203302776229
178.66531666666666,115.96193247915362,24.342017255165047,140.30394973431868
179.16559999999998,115.60136008317376,24.404063179288794,140.00542326246256
179.66503333333333,115.70597892791437,24.42006572831248,140.12604465622684
180.17263333333332,115.44464935913948,24.454391657877313,139.8990410170168
180.66580000000002,115.7536951741765,24.47033019803932,140.2240253722158
181.17218333333332,115.80001422702959,24.47906473414538,140.27907896117497
181.67296666666667,115.65856352038139,24.454165423579713,140.11272894396112
182.17245,115.62965931460553,24.49420645653188,140.12386577113742
182.67276666666666,115.61903228914461,24.561415205774036,140.18044749491864
183.17306666666667,115.69609066096795,24.54959390196096,140.24568456292891
183.67248333333333,115.33951149975314,24.552757566040288,139.89226906579344
184.17268333333334,115.30023823393655,24.63959409276817,139.93983232670473
184.67251666666667,115.39829225064551,24.646591479765412,140.04488373041093
185.17366666666666,115.53059652672499,24.671097326495094,140.2016938532201
185.67291666666668,115.25607220574412,24.678720337366865,139.93479254311097
186.17346666666666,115.16462749752792,24.73182408286554,139.89645158039346
186.6727,115.16111962314595,24.710419672910152,139.8715392960561
187.17288333333332,115.07952148058335,24.818734523411546,139.8982560039949
187.67273333333333,115.31222463297057,24.758423382367447,140.070648015338
188.1737,115.37557761624129,24.794858426437596,140.1704360426789
188.67299999999997,115.13245472938159,24.867984573067762,140.00043930244937
189.17346666666666,115.23962383123423,24.870925720227206,140.11054955146142
189.67293333333333,114.93246115050661,24.864262030142147,139.79672318064877
190.17298333333335,115.05765380098633,24.953977193997176,140.0116309949835
190.6659,115.21431877793536,25.007327701975306,140.22164647991067
191.16578333333334,114.81754875401313,24.931710559623447,139.74925931363657
191.66651666666667,115.01698492050721,25.00427559168875,140.02126051219597
192.16611666666668,115.12022277260746,25.036011807317237,140.1562345799247
192.66635,115.12705187512466,25.07541507969857,140.20246695482322
193.16649999999998,114.90474956686914,25.133301322030313,140.03805088889945
193.66621666666666,114.2997550592725,24.865855868511275,139.16561092778377
194.16735,113.8890752437524,25.362259380576397,139.2513346243288
194.66655,113.77157523400544,25.66714864771196,139.4387238817174
195.16713333333334,113.80867880891925,25.938155765166286,139.74683457408554
195.66655,113.60965655572606,26.278710702211413,139.8883672579375
196.16665,113.01188993710916,26.542388711166094,139.55427864827524
196.66668333333334,112.72124532651492,26.81679009018,139.53803541669492
197.16735,112.30180311163286,27.121265223001586,139.42306833463445
197.66761666666667,112.14507414377314,27.433946269073193,139.57902041284635
198.16715000000002,111.55300799190881,27.69431536836983,139.24732336027864
198.66674999999998,111.06205453890544,27.980226473095307,139.04228101200076
199.16681666666668,110.71621267618688,28.359848339812377,139.07606101599927
199.66805000000002,110.28479940509227,28.556913813233557,138.84171321832582
200.16736666666665,110.15346878650702,28.89668011325299,139.05014889976002
200.66763333333336,109.65206861030828,29.158338084168875,138.81040669447714
201.16719999999998,109.47288442598497,29.441741761283208,138.91462618726817
201.667,109.46370232521832,29.719786398457607,139.18348872367594
202.16698333333335,108.51787959662788,29.927343555423924,138.4452231520518
202.66801666666666,108.41105256951394,30.26519372756096,138.6762462970749
203.1674,108.2135563055598,30.570182577565564,138.78373888312538
203.66766666666666,108.03467941252627,30.886487276822663,138.92116668934892
204.16718333333336,107.92087321140625,31.041233916935145,138.9621071283414
204.66725,107.31342686485252,31.291607445764136,138.60503431061665
205.16733333333335,106.94090471946774,31.58662693816501,138.52753165763275
205.668,106.49750501792383,31.76774176750692,138.26524678543075
206.16845,106.09311460230501,32.110275891958196,138.2033904942632
206.66763333333336,106.18539754986266,32.33010923195876,138.51550678182141
207.16776666666667,105.90085049292952,32.59787726511743,138.49872775804695
207.66853333333333,105.58479326508957,32.76102623856104,138.3458195036506
208.16868333333332,105.24166881928832,32.95722827524822,138.19889709453653
208.66905,105.1373044490628,33.314561224900864,138.45186567396365
209.16848333333334,104.8556978038529,33.574322596868065,138.43002040072096
209.66833333333335,104.40705415727177,33.768768976633545,138.1758231339053
210.16933333333333,104.28407003151668,33.93614676804274,138.2202167995594
210.6696,104.08070751800803,34.32887369823574,138.40958121624377
211.1697166666667,103.60050515725246,34.41431937831081,138.01482453556326
211.66899999999998,103.46526455745843,34.65376513025305,138.11902968771147
212.16908333333333,103.20613149342093,34.90084373812074,138.10697523154167
212.66981666666666,102.90112891787821,35.08052599036749,137.9816549082457
213.1704,102.8626821960011,35.37215928491663,138.23484148091774
213.66966666666667,102.53466012220478,35.53499484383231,138.0696549660371
214.1697166666667,102.19126408520152,35.84284271115662,138.03410679635815
214.6698,102.0392739501251,35.936290090692765,137.97556404081786
215.17061666666666,101.94546150413964,36.095519971972564,138.04098147611222
215.67091666666664,101.65530540181301,36.30116184480061,137.9564672466136
216.17043333333334,100.89021124918136,36.49453518714974,137.3847464363311
216.67015,100.82882286480154,36.67230604612165,137.50112891092317
217.17023333333333,100.39698205168679,36.882799726448134,137.27978177813492
217.67135000000002,100.54405936102324,37.08818602215749,137.63224538318073
218.17073333333335,99.65198241983042,37.267264634491724,136.91924705432214
218.67101666666667,99.62467433078324,37.52437434606345,137.1490486768467
219.17051666666666,99.67648696177775,37.67120506831481,137.34769203009256
219.67058333333335,99.40911743591828,37.832813417724026,137.24193085364232
220.17058333333335,99.26302833808468,37.99180556479621,137.25483390288088
220.67151666666666,98.72008794995439,38.02800825282734,136.74809620278174
221.17079999999999,98.43925641425373,38.30523708491692,136.74449349917066
221.67111666666668,98.03077755748042,38.53667706930403,136.56745462678444
222.17061666666666,97.9135316013245,38.699821297743846,136.61335289906833
222.67051666666666,97.63317716436943,38.84517375973802,136.47835092410745
223.17051666666666,97.58915236230257,39.003477118368174,136.59262948067075
223.67173333333332,97.35330235680381,39.22180481711346,136.57510717391727
224.17055,97.20329161892651,39.40493443339299,136.6082260523195
224.67146666666667,96.91420154965918,39.65207711406003,136.5662786637192
225.17086666666668,96.5446862382785,39.8296619974843,136.3743482357628
225.67048333333332,96.31201757468398,39.98638188369742,136.2983994583814
226.17056666666667,96.25891692410976,40.1776340605406,136.43655098465035
226.67085,95.89331580796944,40.42456407447953,136.31787988244898
227.1706333333333,95.70503741370248,40.62621938520361,136.3312567989061
227.67011666666667,95.4878249931312,40.77353751030907,136.26136250344027
228.17016666666666,95.26220774027085,40.858391736030356,136.1205994763012
228.67006666666666,95.05221105236589,41.144867264122105,136.197078316488
229.1701,94.94042265199316,41.42919384044261,136.36961649243577
229.67008333333334,94.4489096633913,41.54425365496118,135.9931633183525
230.17088333333334,94.51555862584823,41.82137723861966,136.33693586446788
230.67015,94.3181260276698,41.883245585027204,136.20137161269702
231.17068333333333,93.90077760282136,42.154301286162344,136.0550788889837
231.67003333333332,93.79539355401317,42.247698628516936,136.0430921825301
232.1702,93.65812027063173,42.454219529832976,136.1123398004647
232.67000000000002,93.39341330351225,42.71295426255705,136.1063675660693
233.16995,92.98357738507758,42.838750207363105,135.82232759244067
233.66991666666667,92.94249813267209,43.053822606889774,135.99632073956187
234.17088333333334,92.62500318692511,43.24133401299882,135.86633719992392
234.67013333333335,92.55062380840671,43.371528862534426,135.92215267094113
235.1707,92.28160246912262,43.55614746045763,135.83774992958024
235.66996666666668,91.98961518447327,43.79762456295744,135.7872397474307
236.17021666666668,91.7756993177425,43.981560783207314,135.7572601009498
236.66985000000003,91.79306380855982,44.02861798961437,135.82168179817418
237.16986666666665,91.5585099898465,44.25931345302892,135.8178234428754
237.67778333333334,91.25703274899112,44.360076828689586,135.6171095776807
238.178,90.84397584536944,44.594782534042324,135.43875837941175
238.6774166666667,90.6901423295223,44.69908629827435,135.38922862779665
239.17770000000002,90.74872924272503,44.92960643659023,135.67833567931527
239.67716666666666,90.64580134320502,45.063332292577144,135.70913363578217
240.17736666666667,90.1090571008591,45.266303922978665,135.37536102383777
240.67676666666665,89.72203241260883,45.57286549870612,135.29489791131493
241.17698333333334,89.5788112695807,45.664430937839924,135.24324220742062
241.6774166666667,89.34516017186705,45.85852851493088,135.20368868679793
242.17765,89.28268621759923,45.96071548657726,135.2434017041765
242.6771,89.11798993544262,46.07829624859262,135.19628618403524
243.1773,88.82651426320153,46.23096182471736,135.0574760879189
243.67685,88.05131911562313,72.59360867390413,160.64492778952726
244.1769666666667,87.81315092244486,78.23607505734087,166.04922597978572
244.67683333333335,87.61617427078373,78.16895621600625,165.78513048678997
245.17686666666665,87.61988189368071,78.09150819240377,165.71139008608446
245.67683333333335,87.42312818464481,78.16836317007241,165.59149135471722
246.17683333333335,87.48029537052962,78.27042364157019,165.7507190120998
246.67743333333334,87.2523551830619,78.42483946563956,165.67719464870146
247.17759999999998,87.07714510479775,78.53234082059627,165.60948592539404
247.67693333333335,86.92703300333079,78.71554513298548,165.64257813631627
248.1771,86.81630553634466,78.99720655147341,165.81351208781808
248.67748333333336,86.61367664563014,79.03527749837835,165.64895414400848
249.17766666666665,86.21638690180805,79.30492895858201,165.52131586039008
249.67703333333333,86.06988298190176,79.29257239997344,165.36245538187518
250.17721666666668,86.0173611498253,79.50409637516952,165.52145752499484
250.67713333333333,85.69664746068952,79.6747920535686,165.3714395142581
251.17713333333333,85.72337298354016,79.81918160736467,165.54255459090484
251.6783166666667,85.25698658183363,79.96365960652723,165.22064618836086
252.17849999999999,85.41251551174365,79.94524851626255,165.35776402800622
252.6778833333333,85.02237039764468,80.18733369537436,165.20970409301904
253.17801666666668,84.9420735402989,80.30367782231741,165.24575136261632
253.67844999999997,84.86717128443476,80.43964439266472,165.30681567709948
254.17861666666667,84.92953156804745,80.46519231327109,165.39472388131855
254.67801666666668,84.33595744981278,80.66697965788639,165.00293710769915
255.17818333333332,84.31775279911596,80.72718798522472,165.04494078434067
255.67810000000003,84.17228162828788,80.84211205437128,165.01439368265915
256.1781833333333,83.60516625236944,81.22863856417885,164.8338048165483
256.67946666666666,83.72659265204128,81.19115440902522,164.9177470610665
257.17831666666666,83.67383703327648,81.2658430672416,164.9396801005181
257.67900000000003,83.63230074721022,81.29458587198484,164.92688661919505
258.17923333333334,83.28638722568539,81.52882516256588,164.81521238825127
258.6786,83.08340593002262,81.58268374065383,164.66608967067646
259.17879999999997,82.90257466133465,81.79002107509348,164.69259573642813
259.67923333333334,82.87546253073582,81.94062375207702,164.81608628281282
260.1793666666666,82.62359233193986,82.04604118357666,164.66963351551652
260.6788833333333,82.44535760510544,82.09351310535881,164.53887071046427
261.1790166666667,82.19521494462991,82.34333541381088,164.53855035844077
261.68031666666667,82.26731688627234,82.36008948655686,164.6274063728292
262.18045,82.09029190743253,82.56983310701261,164.66012501444516
262.67971666666665,81.93257075224085,82.70910754640148,164.64167829864232
263.17985000000004,81.80918629748541,82.7473526533941,164.5565389508795
263.67286666666666,81.70599611257435,82.9137689622359,164.61976507481026
264.17291666666665,81.55133392725173,83.0815440310707,164.63287795832244
264.67316666666665,81.3327345174679,83.21454702621418,164.54728154368206
265.17328333333336,81.3465954954202,83.3325478717388,164.67914336715899
265.6728,80.92296037830644,83.45610066093622,164.37906103924266
266.17418333333336,80.95291643108035,83.58925326593706,164.5421696970174
266.67339999999996,80.64687932161561,83.77132394906685,164.41820327068245
267.1739666666666,80.32896489403578,83.80118615191802,164.1301510459538
267.67336666666665,80.43982043973864,83.8859086057377,164.32572904547635
268.17358333333334,80.30223299271114,84.01510146004833,164.31733445275947
268.67468333333335,80.14561147438046,84.13245732103887,164.27806879541933
269.17420000000004,80.17841041696124,84.29686833961924,164.47527875658048
269.67448333333334,79.94330947945824,84.48042724234725,164.42373672180548
270.17435,79.9578995598881,84.5272452616743,164.48514482156241
270.67535000000004,79.82356522275876,84.58414821977915,164.4077134425379
271.17546666666664,79.85843064351869,84.74774879702764,164.60617944054633
271.6757666666666,79.34998032952521,84.9090589239764,164.2590392535016
272.1752666666667,79.2834361451792,84.97447563956653,164.25791178474572
272.67515,79.42723102542016,85.12329043803277,164.55052146345292
273.1763,78.88933290999711,85.11754457972869,164.0068774897258
273.67561666666666,78.87687945591148,85.35036063045987,164.22724008637135
274.1756833333333,78.78929351169324,85.42143511562183,164.21072862731506
274.67603333333335,78.62278543000792,85.53913885969241,164.16192428970032
275.17606666666666,78.80501597902834,85.64866113158547,164.4536771106138
275.67655,78.59982016851356,85.83468398938932,164.4345041579029
276.17665,78.32705147039854,85.83609515913868,164.1631466295372
276.67698333333334,78.19677980377429,85.97845553159046,164.17523533536473
277.17705,78.16031597774763,86.09194694341795,164.2522629211656
277.67693333333335,77.8406412756957,86.17925873042407,164.01990000611977
278.1772166666667,77.88983021946365,86.28527701633709,164.17510723580074
278.6778333333333,77.78929843543622,86.35684635212215,164.14614478755837
279.1779333333333,77.39711476669324,86.42515572752046,163.82227049421368
279.6786333333333,77.38940806077095,86.47730716338407,163.86671522415503
280.17855,77.20912082527495,86.67232865190576,163.8814494771807
280.6798,77.17659780311486,86.82075463100745,163.99735243412232
281.1809666666667,77.18200628059154,86.82344761149139,164.00545389208293
281.6802833333333,77.05867631709329,86.95841997688406,164.01709629397735
282.1793833333333,76.68246599981111,86.99255613008712,163.67502212989825
282.67975,76.84234423421704,86.99828135562102,163.84062558983806
283.17875,76.57550295104704,87.25816565262454,163.83366860367158
283.67808333333335,76.57389721227399,87.2859944424155,163.85989165468948
284.17814999999996,76.30143033705004,87.44092075088727,163.74235108793732
284.6774,76.52597716174684,87.50565186427339,164.03162902602023
285.1774666666667,76.09707701385862,87.66953321160528,163.76661022546392
285.67676666666665,76.04983220055104,87.72735398842296,163.77718618897399
286.1768666666667,75.89730535723686,87.82227574531105,163.71958110254792
286.6762,75.97338914597881,87.9405181596937,163.91390730567252
287.17623333333336,75.89037201983227,88.02133625785822,163.91170827769048
287.67558333333335,75.5937828257698,88.07798859560238,163.67177142137217
288.17418333333336,75.14217725239534,88.29647645050369,163.43865370289905
288.6813166666667,75.62779685471381,88.3718535960011,163.9996504507149
289.1816666666667,74.92635136585758,88.43131406524546,163.35766543110304
289.68095,74.97281974519484,88.53773452123089,163.51055426642574
290.18105,74.66063354334997,88.64806351790651,163.30869706125648
290.68033333333335,74.8242630228446,88.7068492691852,163.5311122920298
291.17955,74.55599028801899,88.76361954943545,163.31960983745444
291.67975,74.29614985675595,88.94709864447096,163.2432485012269
292.17879999999997,74.63029889103535,88.91625399459492,163.54655288563026
292.67803333333336,74.56618040746953,89.10478648642984,163.6709668938994
293.1781166666667,74.57455951615887,89.19547288836749,163.77003240452638
293.67736666666667,74.75468735955855,89.154300510546,163.90898787010454
294.1757166666667,74.09863981450356,89.38481489938307,163.48345471388663
294.67513333333335,73.68861608085024,89.4298753617071,163.11849144255734
295.18295,73.65809225518456,89.6054271082979,163.26351936348246
295.68278333333336,73.70438324269419,89.69068768532584,163.39507092802003
296.18059999999997,73.28982623984177,89.73772688818984,163.02755312803163
296.68098333333336,73.64725281709808,89.67737263608349,163.32462545318157
297.17923333333334,73.4432456182,89.79913051187499,163.242376130075
297.67855,73.30927248171155,89.83193265461519,163.14120513632673
298.178,73.04998602539601,90.12374930665696,163.17373533205296
298.6773166666666,73.12997031178101,90.12087428231892,163.25084459409993
299.17636666666664,72.6603634003009,90.20224411835738,162.86260751865828
299.67565,72.8886359163867,90.20314633999222,163.0917822563789
300.18225,72.51160146580051,90.42083607497631,162.93243754077682
300.68281666666667,72.55964241155998,90.43867287339543,162.99831528495542
301.1808833333333,72.31609838867978,90.53449342877015,162.85059181744992
301.68103333333335,72.32631184659581,90.63084336784553,162.95715521444134
302.1801,71.84538549291929,90.8592015689042,162.70458706182347
302.6793666666666,72.31455615512756,90.73666083423683,163.05121698936438
303.17805000000004,71.98135517765998,90.9241901895866,162.9055453672466
303.6774,72.05096226729843,91.03772574230666,163.0886880096051
304.17674999999997,72.02428504206668,91.07329478714831,163.097579829215
304.67611666666664,72.13916829290989,91.12155483822656,163.26072313113644
305.1828666666667,71.70478420641938,91.24937616754016,162.95416037395955
305.6828666666667,71.47226075785147,91.35671747241088,162.82897823026235
306.18146666666667,71.6090254361429,91.35830100033445,162.96732643647735
306.68086666666665,71.71362691342449,91.30989307000812,163.0235199834326
307.1805166666666,71.2577349160741,91.51451259208986,162.77224750816396
307.67983333333336,71.51242826675013,91.50800374759635,163.02043201434648
308.1798,71.01595455609304,91.63067071844222,162.64662527453527
308.67898333333335,71.15817172828855,91.6510822156241,162.80925394391267
309.1779833333333,70.6957922398051,91.92125735401557,162.61704959382067
309.67821666666663,70.61099870600896,91.98186190985085,162.59286061585982
310.1772166666667,70.90751204686569,91.98292141767,162.8904334645357
310.6765,70.61962172226917,92.10471977144954,162.72434149371873
311.1829333333333,70.58529989817374,92.14432842881406,162.7296283269878
311.68289999999996,70.48293871943677,92.19691144363303,162.6798501630698
312.1821166666667,70.39911666890893,92.30181814845021,162.70093481735915
312.6812,70.09969280982133,92.36769316234137,162.4673859721627
313.1808333333333,70.38429075036133,92.31439016850898,162.6986809188703
313.68011666666666,70.00343175479516,92.47943555785922,162.48286731265438
314.17896666666667,70.01060525671743,92.51521480918709,162.5258200659045
314.67965,69.47975704515292,92.59696656156808,162.076723606721
315.1781833333333,69.81459045258518,92.64670204398908,162.46129249657426
315.67761666666667,69.50816809928567,92.63287645677148,162.14104455605715
316.17726666666664,69.01618815300138,92.83529510580279,161.85148325880417
316.6843166666667,69.36239672002438,92.76779446996353,162.1301911899879
317.18403333333333,69.25589495479981,92.78762656662119,162.04352152142098
317.68343333333337,69.06098916404703,92.90922303773333,161.97021220178036
318.18288333333334,69.64370472279094,91.37447238759168,161.01817711038262
318.6829833333333,68.36183618062245,90.72911815562492,159.09095433624736
319.1817,68.48113589530348,90.90639752876862,159.3875334240721
319.68111666666664,68.39796299091928,91.03966859947245,159.43763159039173
320.18035,66.9795137835753,91.49638196912348,158.47589575269876
320.67983333333336,66.86414050600048,91.7614265898336,158.62556709583407
321.17858333333334,66.07286931936,92.24562837266151,158.3184976920215
321.6778166666667,65.92603268782932,92.49769138351529,158.42372407134462
322.1777,65.4005770537318,92.92513077553858,158.32570782927036
322.68423333333334,65.24827727941897,93.38349161897692,158.63176889839588
323.18356666666665,63.79308314488897,93.92437136014647,157.71745450503545
323.68296666666663,63.737850446753825,94.22012017544948,157.9579706222033
324.1822666666667,63.0411681268115,94.68437375225975,157.72554187907124
324.6815666666667,62.589072165736496,95.15272782043264,157.74179998616916
325.18078333333335,62.839764226925894,95.51882913713581,158.3585933640617
325.6802666666666,61.539286997339346,96.03391657555348,157.57320357289282
326.1784833333333,61.069158335126616,96.32653420983844,157.39569254496507
326.67788333333334,60.532965633262286,96.77415358242119,157.30711921568349
327.1847333333333,60.29969935178149,96.85633008981874,157.15602944160023
327.6842666666667,59.377557155063116,97.33479620620861,156.7123533612717
328.1836666666667,59.17942721824431,97.46523258103583,156.64465979928013
328.68305,58.54061000204437,97.88793289799014,156.4285429000345
329.18236666666667,58.08911298990643,98.35107742927818,156.4401904191846
329.6807166666667,58.15518328865769,98.49921382072353,156.65439710938122
330.18105,57.805591310269975,98.92979798992046,156.73538930019043
330.68045,57.91609917501135,99.05824284450574,156.97434201951708
331.1786333333333,56.83296205376448,99.6586567670671,156.49161882083158
331.6782333333333,56.35083942978827,99.97595216137657,156.32679159116483
332.1851,55.84701058930538,100.2821815988304,156.1291921881358
332.6844333333333,55.663775993721615,100.52189484760835,156.18567084132997
333.18275,54.94040175536937,100.9839275751782,155.92432933054758
333.68205,54.39503685274167,101.23823119887813,155.63326805161978
334.18174999999997,54.423792736012125,101.4679077515984,155.89170048761054
334.68126666666666,53.6730290874263,101.73551810495879,155.40854719238507
335.18058333333335,53.886172856910754,101.94303439657205,155.8292072534828
335.67881666666665,53.037871713528084,102.26871526664287,155.30658698017095
336.1784166666667,52.64026739025094,102.66861220738154,155.30887959763248
336.68444999999997,52.37187768688455,102.79956380433114,155.1714414912157
337.1838333333333,52.501735973290984,103.02701605086564,155.52875202415663
337.6831166666667,51.94048060082738,103.26905839956808,155.20953900039547
338.18255000000005,51.628170971939,103.65095809372811,155.27912906566712
338.68193333333335,51.14108201401171,103.87449252904085,155.01557454305257
339.1813833333334,51.3707276671626,104.0398604426706,155.4105881098332
339.68078333333335,50.823422710879775,104.1887068052501,155.01212951612987
340.1792,49.86055979513969,104.6320986112179,154.49265840635758
340.6786,50.04577056969403,104.71598434485043,154.76175491454444
341.18545,49.50645094587175,105.13916665271087,154.64561759858262
341.6847833333333,49.35773186538292,105.29801574209354,154.65574760747646
342.1843666666667,48.888067335709934,105.4879792948826,154.37604663059255
342.6831166666667,48.47739015728102,105.82740940792814,154.30479956520918
343.1820333333333,48.13115177732714,105.9934372991465,154.12458907647365
343.68065,48.07522287964297,106.16497244889847,154.24019532854143
344.17971666666665,47.62907561407035,106.43882044769026,154.06789606176062
344.67885,47.17775437963769,106.65691578350707,153.83467016314478
345.1853,47.302136743600684,106.92571830783734,154.22785505143804
345.6845666666667,46.49525143562603,107.24716152264747,153.74241295827352
346.18416666666667,46.573214594779266,107.44614476314435,154.0193593579236
346.6832,46.08566860716084,107.64078399608526,153.72645260324612
347.1818333333333,45.56209795703025,107.9674620641751,153.52956002120533
347.68145,45.79142740829793,108.06311611815708,153.85454352645502
348.18078333333335,45.179592715155316,108.27207540744325,153.45166812259856
348.68645000000004,44.93836187371309,108.53342527387038,153.47178714758348
349.18548333333337,44.74405538896776,108.72600000139474,153.4700553903625
349.68559999999997,44.27592224367084,108.92552959885312,153.20145184252397
350.18418333333335,43.94052083005377,109.26081144239465,153.20133227244844
350.68326666666667,43.373781391835195,109.47915320997421,152.8529346018094
351.18195000000003,43.37909707105037,109.64510871859865,153.02420578964902
351.68151666666665,43.29417979088774,109.86158957619949,153.15576936708723
352.1809,42.746878487408125,110.02875739822417,152.7756358856323
352.6864833333333,42.864253155482984,110.19217428167343,153.0564274371564
353.18559999999997,42.426876155358954,110.48244894911078,152.90932510446973
353.68475,42.044120444319994,110.72569479005763,152.76981523437763
354.1844,41.698983673883745,110.79743432200654,152.49641799589028
354.6832333333333,41.50043711063095,111.08541783468915,152.5858549453201
355.1822166666667,41.40802043183157,111.17141038861567,152.57943082044724
355.68185,41.24497605254397,111.41874695966072,152.66372301220468
356.18123333333335,40.82439634551008,111.65390428651212,152.47830063202218
356.68806666666666,40.34405451049128,111.88096988496433,152.22502439545562
357.1862333333333,39.926915862516815,112.11549816757973,152.04241403009655
357.6860666666667,39.52144510005845,112.30795239651422,151.82939749657268
358.1846,39.85162583278689,112.32598881029782,152.1776146430847
358.68361666666664,39.16702523685758,112.69646905274274,151.86349428960034
359.1828666666667,39.30229927524034,112.82829000766122,152.13058928290155
359.6822666666667,38.54340532889895,113.06159391965136,151.6049992485503
360.1824666666667,38.84237522723404,113.0369309938848,151.87930622111884
360.68091666666663,38.26852011123168,113.36646809523118,151.63498820646288
361.1878666666667,37.99091747859195,113.54895990247684,151.53987738106878
361.68656666666664,37.90067177956719,113.73101152367796,151.63168330324515
362.1859666666667,37.9175803964238,113.82548578498411,151.74306618140793
362.68608333333333,37.25419883600776,114.11321223803202,151.36741107403978
363.18465000000003,37.139364400769075,114.23733842852891,151.37670282929798
363.6837666666667,36.50494919666302,114.56111545797,151.066064654633
364.18305,36.63262604807391,114.72445080241842,151.35707685049232
364.68331666666666,36.856021078333434,114.71103792592454,151.56705900425797
365.1825,36.4836391169524,114.8777052930785,151.3613444100309
365.68181666666663,35.951732601521776,115.15561187318987,151.10734447471165
366.1822666666667,35.96635866006622,115.23283060565561,151.19918926572183
366.68091666666663,35.47824395374928,115.50523967079695,150.98348362454624
367.1878666666667,35.65140188083912,115.61465899395292,151.26606087479203
367.68676666666664,35.02327635776415,115.80954850325354,150.83282486101768
368.1863666666667,34.773912660084385,115.97433397440643,150.7482466344908
368.6861833333333,34.90238368245775,116.06821526627324,150.97059894873098
369.1857166666667,34.26313878230248,116.38737538346271,150.65051416576517
369.68511666666666,34.174775770212094,116.43855127010178,150.6133270403139
370.18469999999996,33.77075455947819,116.66014421703377,150.43089877651198
370.68335,34.000736562342205,116.6840068281994,150.6847433905416
371.18255000000005,33.39551546664654,116.96028595501714,150.35580142166367
371.6820666666666,33.46377121791124,117.10667054570976,150.570441763621
372.18801666666667,33.217504600743574,117.21997375559857,150.43747835634215
372.68721666666664,33.0228531720333,117.49029730276521,150.51315047479852
373.18646666666666,32.97663501621201,117.52780638936171,150.50444140557371
373.6863333333333,32.659149661978496,117.61664359315735,150.27579325513585
374.1858166666667,32.42707782425773,117.86259026707698,150.2896680913347
374.68525000000005,31.947376295491804,117.93409157269542,149.88146786818723
375.1847333333333,31.744081007506804,118.2061456766532,149.95022668416
375.6834,31.575426081135785,118.29468691205899,149.87011299319477
376.18264999999997,31.211668608550617,118.47108987793814,149.68275848648875
376.68943333333334,31.1452206528929,118.58972734272713,149.73494799562002
377.1891,30.73215061532318,118.84228714075059,149.57443775607376
377.68853333333334,30.99385059160184,118.93516891791741,149.92901950951926
378.1881,30.7772276383727,119.0758727039819,149.8531003423546
378.6866166666667,30.55416754713156,119.15222496483833,149.70639251196988
379.18598333333335,30.48854313538902,119.3984299255422,149.8869730609312
379.6854333333333,30.205411176433852,119.43255706304573,149.6379682394796
380.185,29.785194916250237,119.62295335881,149.40814827506023
380.68345000000005,29.340406393644663,119.71546948094858,149.05587587459326
381.1829333333333,29.510304265377822,119.84895520335634,149.35925946873417
381.6897833333333,29.573607048413905,119.96511196724977,149.53871901566367
382.18836666666664,29.465306066215977,120.14977045172432,149.6150765179403
382.6870333333334,28.852181503734776,120.3332557485801,149.18543725231487
383.1861833333333,28.988946292024433,120.27773885041594,149.26668514244037
383.6855833333333,28.70968001618321,120.56128424542288,149.27096426160608
384.18513333333334,28.216678870196144,120.69811878579742,148.91479765599357
384.68365,28.45333701046136,120.85657863878497,149.30991564924634
385.183,27.89244042428045,120.97193210071393,148.8643725249944
385.68988333333334,28.200369997109426,121.07356684980034,149.27393684690978
386.18843333333336,27.880683331923947,121.09238114409743,148.97306447602136
386.68760000000003,27.765650258835056,121.30820213694571,149.07385239578076
387.1868,27.320370923656423,121.46766731569552,148.78803823935195
387.68666666666667,27.299252329252816,121.57909993259597,148.8783522618488
388.1851833333333,27.178924883406452,121.51676659172813,148.6956914751346
388.6842833333333,27.176615367526974,121.81677378582177,148.99338915334874
389.1834833333333,26.62119295833445,121.90417035511396,148.52536331344842
389.69,26.536111749046956,122.15184677681825,148.6879585258652
390.18951666666663,26.442686109899267,122.19596175005701,148.63864785995628
390.68898333333334,26.21305996300807,122.27316206020767,148.48622202321573
391.18854999999996,25.84896511379839,122.45516281508674,148.30412792888512
391.68695,25.79312909750724,122.45507836752591,148.24820746503315
392.18625,25.482331154107158,122.69971788395289,148.18204903806003
392.68566666666663,25.662475955307844,122.78219880992633,148.44467476523417
393.1852,25.494822339524468,122.89175548404292,148.3865778235674
393.6838333333333,25.27697334288912,122.97753408053875,148.25450742342787
394.1916333333333,25.385202294487954,123.07698193461091,148.46218422909885
394.6900166666667,24.75700159147456,123.23164454489182,147.98864613636638
395.1896,24.778946997112588,123.28256413570861,148.0615111328212
395.6890333333333,24.73975093567538,123.47579849649414,148.21554943216952
396.18733333333336,24.7763260465698,123.51569662229284,148.29202266886264
396.68673333333334,24.51490766459029,123.61843227357019,148.13333993816047
397.18631666666664,24.007105106899992,123.73740604680977,147.74451115370977
397.6857166666667,24.048096723067907,123.8320793743246,147.8801760973925
398.1852666666667,23.875823329163083,123.97293886831521,147.8487621974783
398.69225,23.53555836524519,124.16142364114583,147.696982006391
399.19016666666664,23.65211092907385,124.21973207673003,147.87184300580387
399.69013333333334,23.17096799036906,124.32597966220015,147.49694765256922
400.1897166666667,23.155348974413393,124.35235464434803,147.5077036187614
400.6890833333334,22.969795814160392,124.6060591553762,147.57585496953658
401.18728333333337,23.30308247285765,124.61395813225661,147.91704060511427
401.6867833333333,22.799482189308332,124.72265006900614,147.52213225831446
402.18635,22.759874197138544,124.83040350070965,147.5902776978482
402.68575,22.298284007174658,124.86588564745055,147.1641696546252
403.19173333333333,22.251061831585204,125.07161798616208,147.3226798177473
403.6902,22.180178398489115,125.15777395120723,147.33795234969634
404.18968333333333,22.08882312721765,125.26841692794521,147.35724005516286
404.6891,21.816911375101885,125.28294212818483,147.0998535032867
405.1887,21.725011716108245,125.50200838433202,147.22702010044026
405.68681666666663,21.48214477528481,125.68302772783738,147.1651725031222
406.18638333333337,21.463234401660714,125.71039126514974,147.17362566681044
406.68576666666667,21.370728269685998,125.8601553701717,147.2308836398577
407.1918,20.898850108182785,125.93248463941961,146.8313347476024
407.6906166666667,20.949599292022608,125.97298447232,146.9225837643426
408.18974999999995,20.756643717453127,126.00991010260661,146.76655382005973
408.68915,20.689140415984575,126.14376096289627,146.83290137888085
409.1887666666667,20.652286748600726,126.2078291964337,146.86011594503444
409.68715,20.674929790886342,126.46037461633449,147.13530440722084
410.18643333333335,20.66950855589959,126.39432589127628,147.06383444717588
410.69336666666663,20.34080748453691,126.61757902444596,146.95838650898287
411.1919833333333,20.144020677028546,126.63562825826416,146.7796489352927
411.6909833333333,19.95532033965075,126.70800751816961,146.66332785782035
412.1902166666667,19.955535140296057,126.72108059496345,146.6766157352595
412.69028333333335,19.86991827228108,126.81426209438372,146.6841803666648
413.1888333333334,19.720335580233872,126.92586933047936,146.64620491071324
413.68760000000003,19.508592513168857,126.9856942694002,146.49428678256905
414.18666666666667,19.263578491415124,127.15632055635004,146.41989904776517
414.69355,19.23328881503401,127.28024499609329,146.5135338111273
415.19218333333333,19.304080535236523,127.35370129977736,146.65778183501388
415.6911,18.87357264710386,127.4203268761531,146.29389952325695
416.19015,18.756262862375408,127.56843585975895,146.32469872213437
416.68921666666665,18.72948323811078,127.59352364946,146.32300688757078
417.1888833333333,18.408068240848944,127.58549436732665,145.99356260817558
417.6873166666667,18.292698200654776,127.76881219109887,146.06151039175364
418.1866,18.19646976557227,127.89719226433905,146.09366202991131
418.69353333333333,18.37373176815619,127.91968280022584,146.29341456838205
419.19214999999997,17.93198528641975,128.12704682556378,146.05903211198353
419.69081666666665,17.800989662253784,128.25997010255927,146.06095976481305
420.18993333333333,17.741487981200784,128.2951160946978,146.03660407589857
420.68926666666664,17.635802283800842,128.2958785475536,145.93168083135444
421.1889333333333,17.51692840334358,128.45462799113062,145.9715563944742
421.6872,17.46262398820708,128.45470865803995,145.91733264624702
422.19345,17.15367102624398,128.60005016573797,145.75372119198195
422.6935833333334,17.01008512964409,128.63622557813264,145.64631070777673
423.1922,16.88386899143245,128.7441910234373,145.62806001486976
423.6907333333333,16.927584620102223,128.87734654670558,145.80493116680782
424.1899666666667,16.783219860574402,128.8973113401658,145.6805312007402
424.68926666666664,16.979498677477533,128.95392681649716,145.93342549397468
425.1889,16.680404123733084,129.10252255969357,145.78292668342664
425.6870333333334,16.571009070052447,129.16483636674673,145.73584543679917
426.1934333333333,16.291444613122263,129.21094026340762,145.50238487652987
426.6924833333333,16.070494933957384,129.27301491032657,145.34350984428394
427.19214999999997,16.224150484551455,129.39371442462055,145.617864909172
427.6906,16.025263870829356,129.46550338934983,145.49076726017918
428.1900166666667,15.956145576120047,129.53009199741913,145.48623757353917
428.6893,15.657194463565219,129.59795925369303,145.25515371725825
429.18771666666663,15.962967168179631,129.59868211141256,145.5616492795922
429.69408333333337,16.000931651312886,129.7235111587853,145.7244428100982
430.19334999999995,15.416169226306755,129.87471559594064,145.2908848222474
430.6925,15.55896251184067,129.96923257753957,145.52819508938023
431.19218333333333,15.626844443329789,129.99905790644308,145.62590234977287
431.69036666666665,15.447054195461243,130.01287665200218,145.45993084746343
432.19005,15.180413522562555,130.15413842779702,145.33455195035958
432.68933333333337,15.146680568046198,130.12721303092863,145.27389359897484
433.19539999999995,14.895210568051846,130.3399917661386,145.23520233419046
433.69371666666666,14.956725574158988,130.33232703815105,145.28905261231003
434.1934,14.986843299633906,130.37022964374978,145.35707294338368
434.6925166666667,14.72626826222263,130.4346523740279,145.16092063625052
435.1906833333333,14.71774517477561,130.52954987917508,145.2472950539507
435.6904,14.49271782121514,130.61102764063924,145.10374546185437
436.1890333333333,14.505342504895523,130.60154451091466,145.10688701581017
436.6959,13.981655916843634,130.7727345032185,144.75439042006212
437.19558333333333,14.137376479572527,130.81162434066846,144.949000820241
437.6938166666667,13.982955506278962,130.89509426336028,144.87804976963923
438.1934333333333,13.932401706214081,130.9204854644822,144.85288717069628
438.69256666666666,13.84920332117066,131.017274745218,144.86647806638865
439.19081666666665,13.839642133530685,131.05643884267232,144.896080976203
439.6904333333333,13.5523667532791,131.17040950908253,144.72277626236163
440.1890833333334,13.773302400471067,131.20441301952792,144.977715419999
440.6959166666667,13.409832981262745,131.29563699266737,144.70546997393012
441.1943333333333,13.407529449655573,131.27929699617638,144.68682644583197
441.69378333333333,13.270249617439445,131.39638348932888,144.66663310676833
442.19244999999995,13.096783571610034,131.5455864345353,144.64237000614534
442.6926,13.052537748929552,131.61551102013038,144.66804876905994
443.1904,12.874959247125037,131.60092245801923,144.47588170514427
443.68943333333334,12.82351808183857,131.7180663672442,144.54158444908276
444.1965166666667,12.878579356513157,131.75847981586452,144.6370591723777
444.6959666666667,12.965827947054786,131.8750260629528,144.84085401000758
445.19388333333336,12.569357553910013,131.86246166904655,144.43181922295656
445.6936666666667,12.28152635929339,131.98793364818408,144.26946000747748
446.19231666666667,12.50139111325566,132.04679996838644,144.5481910816421
446.691,12.23217178174557,132.09160209261128,144.32377387435685
447.19016666666664,12.104408672618165,132.20637549348154,144.31078416609972
447.6970166666667,12.200269962343235,132.21049069890265,144.4107606612459
448.19568333333336,12.16444119207357,132.3240844017011,144.48852559377468
448.69445,12.035986929192847,132.33131420671185,144.3673011359047
449.19355,12.082740260244242,132.34558082025097,144.4283210804952
449.6926666666667,12.106649590433744,132.4656558244119,144.57230541484563
450.1923666666667,11.850307734738545,132.5004848414652,144.35079257620376
450.6907333333333,11.449586347011493,132.61631584962362,144.0659021966351
451.1902166666667,11.74204736880653,132.62673994801952,144.36878731682606
451.69705,11.41740144981332,132.70852995216484,144.12593140197816
452.1957333333333,11.515899354803354,132.81664009120468,144.33253944600804
452.69421666666665,11.476289786703752,132.7994049935048,144.27569478020854
453.1935666666667,11.258491011788157,132.82648684720544,144.0849778589936
453.6927,11.0677485508359,132.82291389024707,143.89066244108295
454.1924,11.038782057041743,132.8895577229595,143.92833978000124
454.69055000000003,10.768610895543945,133.05889204854248,143.82750294408643
455.19675,10.676223670363363,133.0816216489636,143.75784531932695
455.69606666666664,10.577603609125097,133.09139319819855,143.66899680732365
456.19575,10.61840461286073,133.14716811586783,143.76557272872856
456.69391666666667,10.663933800413423,133.19031500100402,143.85424880141744
457.1936166666666,10.5773512583486,133.2567355636607,143.83408682200928
457.6927333333333,10.657760897230084,133.39451688788805,144.05227778511812
458.1907333333333,10.431760562738482,133.34558787416546,143.77734843690394
458.6972666666667,10.027872662339595,133.5446541414531,143.5725268037927
459.1968,10.095087831190181,133.62341825086224,143.71850608205241
459.6960833333333,9.948825369829265,133.69491557905144,143.6437409488807
460.19443333333334,10.1000312114198,133.6289750640806,143.7290062755004
460.69395,9.797122600809653,133.7423794277515,143.53950202856115
461.19261666666665,10.068885655526179,133.84222068281386,143.91110633834003
461.6928,9.850584633674057,133.86287718633048,143.71346182000454
462.19106666666664,9.737895619117943,133.81296916765118,143.55086478676913
462.69755,9.590930841924516,133.88695151981088,143.4778823617354
463.1968833333333,9.825143016697307,133.9630693195302,143.7882123362275
463.6961333333333,9.378043183997303,134.05912357410784,143.43716675810515
464.1958666666667,9.331228678455366,134.13382606503,143.46505474348538
464.69423333333333,9.305733773923974,134.156909279367,143.46264305329098
465.1937,9.278607224885251,134.19035330289861,143.46896052778388
465.69281666666666,9.123334370723365,134.22403575957037,143.34737013029374
466.1925,8.897763834371153,134.33494422781465,143.2327080621858
466.6977833333333,8.927407691753773,134.36931839062026,143.29672608237405
467.19691666666665,8.967319476064073,134.43963813160528,143.40695760766934
467.69615,8.504624842667896,134.50115480611066,143.00577964877857
468.19585,8.836344727592943,134.4712396717946,143.30758439938754
468.69426666666664,8.472814817587748,134.58799308964672,143.06080790723448
469.1937,8.537846247116097,134.65015222559921,143.18799847271532
469.69283333333334,8.619413887583192,134.61145450970687,143.23086839729007
470.1925333333333,8.394374184344919,134.69116533116252,143.08553951550743
470.6995166666667,8.579652316172794,134.75357083254343,143.33322314871623
471.1976,8.37023365788947,134.80806830430433,143.17830196219379
471.6972333333333,8.211027485150211,134.90038098904049,143.11140847419068
472.19588333333337,8.264641376528878,134.9992580440031,143.263899420532
472.6949333333333,8.107863364549038,135.02477219606214,143.1326355606112
473.1941166666667,8.16562628417319,134.9936151356471,143.1592414198203
473.69405,8.067875754943822,135.11017184766325,143.17804760260708
474.1927166666666,7.962054266770358,135.1667234239624,143.12877769073276
474.69955000000004,7.63937558934677,135.18887625763728,142.82825184698405
475.19926666666663,7.971952616109728,135.19783543380922,143.16978804991894
475.6975166666667,7.726584001212483,135.36017355847792,143.0867575596904
476.19696666666664,7.6648566667562505,135.23311164934577,142.89796831610204
476.69625,7.464402216043648,135.32527737692138,142.78967959296503
477.1959166666667,7.353512111731422,135.40766058464897,142.76117269638038
477.69413333333335,7.654435286479392,135.4503025025366,143.10473778901599
478.19378333333333,7.451119772175594,135.40494921913518,142.85606899131076
478.6929166666667,7.105133400868541,135.5910438606946,142.69617726156315
479.2,7.290293419415581,135.61562120998957,142.90591462940515
479.6996,7.056076732854449,135.69711634013137,142.75319307298582
480.19761666666665,7.346472880459032,135.70279146615215,143.04926434661118
480.6973,7.008327601373972,135.75182996134154,142.7601575627155
481.19599999999997,7.09412997375542,135.77431227053052,142.86844224428594
481.695,6.908457172097787,135.7983001782316,142.7067573503294
482.19405,6.828789148078034,135.8342106672256,142.66299981530364
482.6940333333333,6.813084839552846,135.88659955798389,142.69968439753674
483.2001,6.8226426481945355,135.90152327004432,142.72416591823887
483.69961666666666,6.7586088303976055,136.05031393253768,142.80892276293528
484.1979333333333,6.46373225914491,136.0622721507232,142.5260044098681
484.69733333333335,6.661483282618126,136.02613536739057,142.6876186500087
485.1970333333333,6.583794907587202,136.1435669921753,142.72736189976249
485.69629999999995,6.468241328454206,136.17219029848397,142.64043162693818
486.19443333333334,6.405184041441243,136.17640540242976,142.581589443871
486.69418333333334,6.4249585398514855,136.2455774200391,142.67053595989057
487.20028333333335,6.205396043084946,136.38880831455324,142.5942043576382
487.6996833333333,6.325003535594939,136.3251589255196,142.65016246111452
488.19809999999995,6.098401037405216,136.42715437586375,142.52555541326896
488.69736666666665,6.0905489200615355,136.38338187512815,142.4739307951897
489.19708333333335,6.0371584254418975,136.33170004291094,142.36885846835284
489.69635,5.842716073624378,136.51394563035922,142.3566617039836
490.1947,5.7775545345584165,136.51912157135422,142.29667610591264
490.69419999999997,6.085851229612859,136.57925065159822,142.6651018812111
491.2003,6.104713611384815,136.64150840284123,142.74622201422605
491.6997,5.504896064834782,136.68432892838408,142.18922499321886
492.19938333333334,5.78653249460291,136.66939896278612,142.45593145738903
492.69806666666665,5.504395504216788,136.7529128958553,142.25730840007208
493.19731666666667,5.764079858704213,136.7510856902412,142.51516554894542
493.6974166666667,5.6552076492518175,136.8024155781098,142.4576232273616
494.1961166666667,5.532045987456677,136.82225427346006,142.35430026091674
494.6945333333333,5.156953217107264,136.96345029070375,142.120403507811
495.2010333333334,5.296639536258237,136.97284770819238,142.2694872444506
495.70074999999997,5.290227614983101,136.89479504933942,142.18502266432253
496.19941666666665,5.089258446783284,136.9628339659078,142.05209241269108
496.6995833333333,4.839263848735374,137.04648882811912,141.8857526768545
497.1974333333334,5.044829918355129,137.07753776300572,142.12236768136086
497.69745,5.16832288963683,137.00958872152262,142.17791161115946
498.19616666666667,4.891426656210919,137.11853419772984,142.00996085394075
498.69463333333334,4.73866621385076,137.1892713050338,141.92793751888456
499.20116666666667,4.846764390074581,137.19690722055006,142.04367161062464
499.70079999999996,4.6583690721206095,137.22472475641493,141.88309382853555
500.1995,4.862583897190514,137.36338084742783,142.22596474461835
500.69835,4.594607179425801,137.48896857161387,142.08357575103966
501.1974666666667,4.735649650201084,137.36915851742228,142.10480816762336
501.6975,4.59563463896248,137.51349741752094,142.10913205648342
502.19620000000003,4.57946648705324,137.54625351607396,142.1257200031272
502.69486666666666,4.501864860884621,137.62262466303164,142.12448952391625
503.20255,4.157326751932445,137.60406702186347,141.76139377379593
503.70085,4.493420049511953,137.5765495227042,142.06996957221614
504.20053333333334,4.320520043766299,137.64327313802983,141.96379318179612
504.69964999999996,4.4789087264540575,137.67609365014252,142.15500237659657
505.19783333333334,4.200005943422671,137.76582263809598,141.96582858151865
505.6975166666667,4.175114442323404,137.7313077483423,141.9064221906657
506.19623333333334,4.028544108221578,137.80826981650225,141.83681392472383
506.70300000000003,3.7185318254728363,137.69880083604878,141.4173326615216
507.20275000000004,3.993696789252056,137.86404727907367,141.85774406832573
507.70106666666663,3.97676606276011,137.92833733860203,141.90510340136214
508.2005833333333,4.096464125493601,137.93664910819996,142.03311323369357
508.69985,3.7197771514699034,137.97088507734918,141.6906622288191
509.1996,3.7986024691863354,137.971897691967,141.77050016115334
509.6976,3.6411168359069457,138.1075893305166,141.74870616642355
510.19731666666667,3.6874855097888877,138.04613571990893,141.73362122969783
510.7040833333333,3.7395312207126348,138.0850873886188,141.82461860933142
511.20278333333334,3.65093678546183,138.1458767365377,141.79681352199952
511.7013666666666,3.5152662897327818,138.1656840779415,141.68095036767428
512.20075,3.537984642363956,138.18904468574772,141.72702932811168
512.7009166666667,3.3531950705800115,138.26743046641874,141.62062553699874
513.1996166666667,3.423984477234609,138.3213302134345,141.7453146906691
513.6983833333333,3.081389711115965,138.33937967954415,141.42076939066013
514.1974333333334,3.1653741095228036,138.31553405287215,141.48090816239497
514.7042666666667,3.297166391506356,138.38666255608814,141.6838289475945
515.2040499999999,3.1714676387942453,138.36651682870286,141.5379844674971
515.7030833333333,3.074057854586373,138.34327537866508,141.41733323325147
516.2014,2.9185271357874476,138.49170017470493,141.4102273104924
516.70095,2.8230597194753684,138.4740039828582,141.29706370233356
517.2006833333334,3.009013591674837,138.58132086269129,141.59033445436611
517.6997666666667,3.2496559059934045,138.59590373002962,141.845559636023
518.19795,2.756757780697615,138.54656204737893,141.30331982807655
518.70445,2.820203285734452,138.64056346254742,141.46076674828188
519.2040833333333,2.868527512521667,138.5811028753457,141.44963038786736
519.7031166666667,2.6873825759830705,138.72756151086097,141.41494408684403
520.2026999999999,2.6915934709211777,138.71324360483365,141.40483707575484
520.7009833333334,2.7690292438718185,138.73047522246347,141.49950446633528
521.2007333333333,2.937665006601022,138.8120029549042,141.7496679615052
521.6999666666667,2.578692793071064,138.85518731723988,141.43388011031095
522.1997,2.383993715230157,138.95703238341585,141.341026098646
522.6978,2.319756428388052,138.85698005196585,141.1767364803539
523.2044999999999,2.388840808744159,138.82571654793142,141.21455735667558
523.7042333333334,2.4413469537735946,138.86994629512316,141.31129324889676
524.2029333333334,2.4205157216922566,138.88838512261822,141.30890084431047
524.7016500000001,2.487531803995618,138.8723257539536,141.3598575579492
525.2007666666667,2.185128807113096,138.90935917441075,141.09448798152386
525.6999833333334,2.1203864913684085,138.9730455817145,141.0934320730829
526.1997166666666,2.10351917867727,139.00757399530514,141.1110931739824
526.6979,2.146347986955778,139.04825603697176,141.19460402392755
527.2042833333333,1.964601209941106,139.0392664762723,141.0038676862134
527.7042333333334,1.836310629633668,139.1206969430212,140.95700757265485
528.2029333333334,1.8353036126460491,139.1092638123632,140.94456742500924
528.7013833333333,1.7438799853713731,139.20568277873684,140.9495627641082
529.2008000000001,1.6794848681498773,139.18981110231397,140.86929597046384
529.7000166666666,1.5929237914514742,139.25686784956693,140.8497916410184
530.1985166666667,1.6202895995651228,139.28300830648422,140.90329790604935
530.7048,1.4417101715315543,139.28501660827146,140.72672677980302
531.2041833333333,1.6215551687396461,139.3061952987895,140.92775046752914
531.7032333333334,1.413931420854758,139.41408594543955,140.82801736629432
532.2017166666667,1.7228658732505395,139.3484704695745,141.07133634282502
532.7010833333334,1.4951542011998826,139.46751846885493,140.96267267005481
533.1998333333333,1.3941593710442404,139.4987898193937,140.89294919043795
533.6999,1.3268585519131308,139.4815754097128,140.80843396162592
534.20615,1.4329903099866683,139.4842132065183,140.91720351650497
534.7043,1.3067351886128602,139.53310588440198,140.83984107301484
535.20305,1.1451317324857535,139.54447929234092,140.6896110248267
535.7019833333333,1.1480690613053908,139.80932636335726,140.95739542466265
536.2010833333334,1.2419827849801457,139.64773524338034,140.88971802836048
536.7000833333333,1.2464250696727344,139.70855727085794,140.95498234053068
537.1999,0.9767833056998256,139.71559467980924,140.69237798550907
537.7066,0.9994708755084858,139.74756812209972,140.7470389976082
538.2043833333333,1.070481928629642,139.72716938639354,140.7976513150232
538.7043333333334,0.9312728834783747,139.82920017391922,140.7604730573976
539.2030833333333,0.8886521789662232,139.8951166141925,140.7837687931587
539.70145,0.7904717064314157,139.84772768035708,140.6381993867885
540.20095,0.7022825511179782,139.88142767910605,140.58371023022403
540.7001166666666,0.9452132730639684,139.94699282867725,140.8922061017412
541.2063166666667,0.8258322445726413,139.98757221082263,140.81340445539527
541.70515,0.6267165424203587,140.00507300092147,140.63178954334182
542.2043333333334,0.7735600913520365,140.0377707306686,140.81133082202064
542.7032999999999,0.5143732744338405,140.11960105419777,140.6339743286316
543.2031499999999,0.5713516406384945,140.1585231324533,140.72987477309178
543.7013666666667,0.4497794676805617,140.23374541461897,140.68352488229954
544.2009833333334,0.6014507323286418,140.27041878878453,140.87186952111315
544.7077499999999,0.7113533371678246,140.2348614217316,140.94621475889943
545.2066166666666,0.5609630543545151,140.32167045959744,140.88263351395196
545.70505,0.6706893153682444,140.3243774125404,140.99506672790864
546.2043666666667,0.24585407048832547,140.3855929093486,140.6314469798369
546.70335,0.1181266312822903,140.37981759321838,140.49794422450066
547.7045833333334,0.26243811744941636,140.46557517288252,140.72801329033194
548.20435,0.17241322757956856,140.51153076932493,140.6839439969045
548.70275,-0.15619572382859695,140.6510370989604,140.49484137513178
549.2022,-0.18070715721095945,140.62594244408027,140.44523528686932
549.70145,0.06073916674909159,140.5974536649627,140.6581928317118
550.2011333333334,0.09404450274776553,140.64305487128763,140.7370993740354
550.7079666666667,0.38147774149478986,140.40274763798755,140.78422537948234
551.2075833333333,0.017303620783921985,140.54534681022184,140.56265043100578
551.7062833333333,-0.19963922982096038,140.61035143481254,140.41071220499157
552.2058666666667,-0.07221969885831923,140.6358326188704,140.5636129200121
552.7058333333333,-0.11721644963617202,140.71194164949173,140.59472519985556
